,배우,작품,작품 개수
0,나인우,[' 철인왕후 '],1
1,김주현,"[' 날아라 개천용 ', ' 부잣집 아들 ', ' 언니는 살아있다 ']",3
2,장희진,"[' 옷소매 붉은 끝동 ', ' 악의 꽃 ', ' 바벨 ', ' 당신은 너무합니다 ']",4
3,진경,"[' 루카 : 더 비기닝 ', ' 오! 삼광빌라! ']",2
4,이민호,[' 더 킹 : 영원의 군주 '],1
5,원진아,"[' 선배, 그 립스틱 바르지 마요 ', ' 날 녹여주오 ', ' 라이프 ', ' 그냥 사랑하는 사이 ']",4
6,이도현,"[' 멜랑꼴리아 ', ' 오월의 청춘 ', ' 18 어게인 ', ' KBS 드라마 스페셜 2019 ']",4
7,주원,"[' 앨리스 ', ' 엽기적인 그녀 ']",2
8,서현,"[' 괴기맨숀:디 오리지널 ', ' 너는 나의 봄 ', ' 사생활 ', ' 악의 꽃 ', ' 그놈이 그놈이다 ', ' 안녕 드라큘라 ', ' 블랙독 ', ' 99억의 여자 ', ' 막돼먹은 영애씨 시즌17 ', ' 뷰티 인사이드 ']",10
9,안희연,[' 엑스엑스(XX) '],1
10,나문희,[' 나빌레라 '],1
11,지창욱,"[' 편의점 샛별이 ', ' 날 녹여주오 ', ' 수상한 파트너 ']",3
12,진세연,"[' 본 어게인 ', ' 간택 - 여인들의 전쟁 ', ' 아이템 ', ' 고품격 짝사랑 ', ' 대군-사랑을 그리다 ']",5
13,고수,"[' 미씽: 그들이 있었다 ', ' 머니게임 ', ' 흉부외과:심장을 훔친 의사들 ', ' 마녀의 사랑 ']",4
14,정일우,"[' 보쌈-운명을 훔치다 ', ' 야식남녀 ', ' 해치 ', ' 고품격 짝사랑 ']",4
15,김재욱,"[' 크레이지 러브 ', ' 그녀의 사생활 ', ' 손 the guest ', ' 사랑의 온도 ']",4
16,김재영,"[' 너를 닮은 사람 ', ' 사랑은 뷰티풀 인생은 원더풀 ', ' 시크릿 부티크 ', ' 은주의 방 ']",4
17,임수정,"[' 멜랑꼴리아 ', ' 검색어를 입력하세요 WWW ', ' 시카고 타자기 ']",3
18,김요한,[' 학교 2021 '],1
19,임시완,"[' 트레이서 ', ' 런 온 ', ' 타인은 지옥이다 ', ' 왕은 사랑한다 ']",4
20,이수혁,"[' 내일 ', ' 어느 날 우리 집 현관으로 멸망이 들어왔다 ', ' 본 어게인 ']",3
21,황정음,"[' 그놈이 그놈이다 ', ' 쌍갑포차 ', ' 훈남정음 ']",3
22,손병호,"[' 암행어사: 조선비밀수사단 ', ' 허쉬 ', ' 모범형사 ', ' 웰컴2라이프 ']",4
23,송중기,"[' 빈센조 ', ' 아스달 연대기 ']",2
24,이성재,"[' 쇼윈도:여왕의 집 ', ' 검사내전 ', ' 어비스 ', ' 이별이 떠났다 ']",4
25,박해진,"[' 꼰대인턴 ', ' 포레스트 ', ' 맨투맨 ']",3
26,송종호,"[' 우리, 사랑했을까 ']",1
27,서현진,"[' 너는 나의 봄 ', ' 블랙독 ', ' 뷰티 인사이드 ', ' 사랑의 온도 ']",4
28,김유정,"[' 홍천기 ', ' 편의점 샛별이 ', ' 일단 뜨겁게 청소하라 ']",3
29,오연서,"[' 하자있는 인간들 ', ' 화유기 ', ' 엽기적인 그녀 ']",3
30,정경호,"[' 슬기로운 의사생활2 ', ' 슬기로운 의사생활 ', ' 악마가 너의 이름을 부를 때 ', ' 라이프 온 마스 ', ' 슬기로운 감빵생활 ']",5
31,권상우,"[' 날아라 개천용 ', ' 추리의 여왕 시즌2 ', ' 추리의 여왕 ']",3
32,남주혁,"[' 스물다섯 스물하나 ', ' 스타트업 ', ' 눈이 부시게 ', ' 하백의 신부 ']",4
33,김도훈,"[' 목표가 생겼다 ', ' 다크홀 ']",2
34,정상훈,"[' 바람피면 죽는다 ', ' 번외수사 ', ' 빅 포레스트 ', ' 데릴남편 오작두 ']",4
35,권율,"[' 달리와 감자탕 ', ' 해치 ', ' 귓속말 ']",3
36,조병규,"[' 경이로운 소문 ', ' 스토브리그 ']",2
37,노종현,[' 라이브온 '],1
38,로운,"[' 내일 ', ' 연모 ', ' 선배, 그 립스틱 바르지 마요 ', ' 어쩌다 발견한 하루 ', ' 훈장 오순남 ']",5
39,조우진,"[' 해피니스 ', ' 드라마 스테이지 ']",2
40,박서준,"[' 이태원 클라쓰 ', ' 김비서가 왜 그럴까 ', ' 쌈, 마이웨이 ']",3
41,하준,"[' 배드 앤 크레이지 ', ' 하이클래스 ', ' 불새 2020 ', ' 18 어게인 ', ' 미씽: 그들이 있었다 ', ' 시네마틱 드라마 SF8 ', ' 블랙독 ']",7
42,윤상현,"[' 18 어게인 ', ' 손 꼭 잡고, 지는 석양을 바라보자 ']",2
43,신민아,"[' 갯마을 차차차 ', ' 보좌관2 - 세상을 움직이는 사람들 ', ' 보좌관 ']",3
44,최희서,"[' 지금, 헤어지는 중입니다 ', ' 빅 포레스트 ']",2
45,장동윤,"[' 조선구마사 ', ' 써치 ', ' 조선로코 녹두전 ', ' 시를 잊은 그대에게 ', ' 2017 KBS 드라마스페셜 ', ' 학교2017 ']",6
46,최원영,"[' 꽃 피면 달 생각하고 ', ' 너를 닮은 사람 ', ' 나의 위험한 아내 ', ' 앨리스 ', ' 쌍갑포차 ', ' KBS 드라마 스페셜 2019 ', ' 닥터 프리즈너 ', ' SKY 캐슬 ']",8
47,이연희,"[' 시네마틱 드라마 SF8 ', ' 더 게임:0시를 향하여 ', ' 더 패키지 ', ' 다시 만난 세계 ']",4
48,김민정,"[' 악마판사 ', ' 국민 여러분! ', ' 미스터 션샤인 ', ' 맨투맨 ']",4
49,신승호,"[' 계약우정 ', ' 열여덟의 순간 ']",2
50,문채원,"[' 악의 꽃 ', ' 계룡선녀전 ', ' 크리미널마인드 ']",3
51,진영,"[' 불가살 ', ' 경찰수업 ', ' 악마판사 ', ' 아는 건 별로 없지만 가족입니다 ', ' 화양연화 - 삶이 꽃이 되는 순간 ']",5
52,이주빈,"[' 드라마 스테이지 2021 ', ' 선배, 그 립스틱 바르지 마요 ', ' 안녕 드라큘라 ']",3
53,이서진,"[' 타임즈 ', ' 트랩 ']",2
54,이혜리,[' 청일전자 미쓰리 '],1
55,오정세,"[' 엉클 ', ' 지리산 ', ' 모범형사 ', ' 사이코지만 괜찮아 ', ' 동백꽃 필 무렵 ']",5
56,박해준,[' 부부의 세계 '],1
57,정지소,"[' 이미테이션 ', ' 방법 ']",2
58,이진욱,"[' 불가살 ', ' 보이스 시즌3 ', ' 보이스 시즌2 ', ' 리턴 ']",4
59,혜리,"[' 꽃 피면 달 생각하고 ', ' 간 떨어지는 동거 ', ' 청일전자 미쓰리 ', ' 투깝스 ']",4
60,전지현,[' 지리산 '],1
61,성동일,"[' 지리산 ', ' 어쩌다 가족 ', ' 어쩌다 가족 ', ' 방법 ', ' 트랩 ', ' 친애하는 판사님께 ', ' 미스 함무라비 ']",7
62,송승헌,"[' 보이스 4 ', ' 저녁 같이 드실래요 ', ' 위대한 쇼 ', ' 플레이어 ', ' 블랙 ', ' 사임당,빛의 일기 ']",6
63,손호준,"[' 우리, 사랑했을까 ', ' 눈이 부시게 ', ' 내 뒤에 테리우스 ', ' 고백부부 ', ' 드라마스페셜-만나게해,주오 ']",5
64,김희선,"[' 내일 ', ' 앨리스 ', ' 나인룸 ', ' 품위있는 그녀 ']",4
65,이재욱,"[' 도도솔솔라라솔 ', ' 날씨가 좋으면 찾아가겠어요 ', ' 어쩌다 발견한 하루 ']",3
66,유다인,[' 출사표 '],1
67,김영대,[' 바람피면 죽는다 '],1
68,신하균,"[' 괴물 ', ' 영혼수선공 ', ' 나쁜형사 ']",3
69,안보현,"[' 군검사 도베르만 ', ' 유미의 세포들 ', ' 카이로스 ', ' 그녀의 사생활 ']",4
70,위하준,"[' 배드 앤 크레이지 ', ' 18 어게인 ']",2
71,배인혁,"[' 멀리서 보면 푸른 봄 ', ' 간 떨어지는 동거 ', ' 나를 사랑한 스파이 ', ' 엑스엑스(XX) ']",4
72,수영,"[' 목표가 생겼다 ', ' 아이를 찾습니다 ', ' 런 온 ', ' 본 대로 말하라 ', ' 슬플 때 사랑한다 ']",5
73,허준호,"[' 언더커버 ', ' 미씽: 그들이 있었다 ', ' 60일, 지정생존자 ', ' 이리와 안아줘 ', ' 군주-가면의 주인 ']",5
74,박보영,"[' 어느 날 우리 집 현관으로 멸망이 들어왔다 ', ' 어비스 ']",2
75,윤세아,"[' 설강화 : snowdrop ', ' 더 로드 : 1의 비극 ', ' KBS 드라마 스페셜 2020 ', ' 비밀의 숲 2 ', ' 날 녹여주오 ', ' SKY 캐슬 ']",6
76,김성철,"[' 그 해 우리는 ', ' 브람스를 좋아하세요? ', ' 바람이 분다 ', ' 투 제니(TO.JENNY) ', ' 슬기로운 감빵생활 ']",5
77,이신영,[' 계약우정 '],1
78,라미란,"[' 블랙독 ', ' 막돼먹은 영애씨 시즌17 ', ' 부암동 복수자들 ']",3
79,하석진,"[' 내가 가장 예뻤을 때 ', ' 당신의 하우스헬퍼 ']",2
80,김환희,"[' 목표가 생겼다 ', ' 날씨가 좋으면 찾아가겠어요 ']",2
81,강하늘,"[' 달이 뜨는 강 ', ' 동백꽃 필 무렵 ']",2
82,추자현,"[' 아는 건 별로 없지만 가족입니다 ', ' 아름다운 세상 ']",2
83,김강우,"[' 공작도시 ', ' 99억의 여자 ', ' 아이템 ', ' 옥란면옥 ', ' 데릴남편 오작두 ', ' 써클 : 이어진 두 세계 ']",6
84,김서형,"[' 마인 ', ' 아무도 모른다 ']",2
85,김혜준,"[' 구경이 ', ' 십시일반 ']",2
86,권화운,[' 이벤트를 확인하세요 '],1
87,문가영,"[' 여신강림 ', ' 그 남자의 기억법 ', ' 으라차차 와이키키 시즌2 ', ' 위대한 유혹자 ', ' 드라마 스페셜 - 혼자 추는 왈츠 ']",5
88,고경표,"[' 사생활 ', ' 크로스 ', ' 최강배달꾼 ', ' 시카고 타자기 ']",4
89,추영우,"[' 학교 2021 ', ' 경찰수업 ']",2
90,공명,"[' 홍천기 ', ' 행복의 진수 ', ' 멜로가 체질 ', ' 죽어도 좋아 ', ' 변혁의 사랑 ', ' 개인주의자 지영씨 ']",6
91,이규형,"[' 하이바이, 마마! ', ' 의사요한 ', ' 슬기로운 감빵생활 ']",3
92,김희애,[' 부부의 세계 '],1
93,이지아,"[' 펜트하우스3 ', ' 펜트하우스2 ', ' 펜트하우스 ', ' 오늘의 탐정 ']",4
94,김지은,[' 검은 태양 '],1
95,조한선,[' 미쓰리는 알고 있다 '],1
96,김명민,"[' 로스쿨 ', ' 우리가 만난 기적 ', ' 다시 만나는 하얀거탑UHD ']",3
97,한예리,"[' 홈타운 ', ' 아는 건 별로 없지만 가족입니다 ', ' 녹두꽃 ', ' 스위치 - 세상을 바꿔라 ', ' 청춘시대2 ']",5
98,최강희,"[' 안녕? 나야! ', ' 굿캐스팅 ', ' 2018 KBS 드라마 스페셜 ', ' 추리의 여왕 시즌2 ', ' 추리의 여왕 ']",5
99,김의성,"[' 모범택시 ', ' 국민 여러분! ']",2
100,김현주,"[' 언더커버 ', ' WATCHER (왓쳐) ', ' 우리가 만난 기적 ']",3
101,박성훈,"[' KBS 드라마 스페셜 2021 ', ' 조선구마사 ', ' 출사표 ', ' 싸이코패스 다이어리 ', ' 저스티스 ', ' 2018 KBS 드라마 스페셜 ']",6
102,배수지,"[' 스타트업 ', ' 배가본드 ', ' 당신이 잠든 사이에 ']",3
103,김동욱,"[' 너는 나의 봄 ', ' 그 남자의 기억법 ', ' 특별근로감독관 조장풍 ', ' 손 the guest ']",4
104,강한나,"[' 간 떨어지는 동거 ', ' 스타트업 ', ' 드라마 스테이지 2020 ', ' 60일, 지정생존자 ', ' 아는 와이프 ']",5
105,이엘리야,"[' 모범형사 ', ' 보좌관2 - 세상을 움직이는 사람들 ', ' 보좌관 ']",3
106,문정혁,[' 나를 사랑한 스파이 '],1
107,안재현,[' 하자있는 인간들 '],1
108,진서연,"[' 원 더 우먼 ', ' 본 대로 말하라 ']",2
109,조보아,"[' 군검사 도베르만 ', ' 구미호뎐 ', ' 포레스트 ', ' 복수가 돌아왔다 ', ' 이별이 떠났다 ', ' 드라마스페셜-만나게해,주오 ']",6
110,신소율,"[' 트레인 ', ' 빅이슈 ', ' 단짠 오피스 ']",3
111,유인나,"[' 설강화 : snowdrop ', ' 나를 사랑한 스파이 ', ' 진심이 닿다 ']",3
112,한지은,"[' 배드 앤 크레이지 ', ' 꼰대인턴 ', ' 멜로가 체질 ']",3
113,김슬기,"[' 하자있는 인간들 ', ' 파수꾼 ']",2
114,이상윤,"[' 원 더 우먼 ', ' VIP ', ' 멈추고 싶은 순간 : 어바웃 타임 ', ' 귓속말 ']",4
115,황정민,[' 허쉬 '],1
116,안소희,"[' 서른, 아홉 ', ' 드라마 스테이지 2021 ', ' 미씽: 그들이 있었다 ', ' 으라차차 와이키키 시즌2 ']",4
117,현빈,"[' 너를 닮은 사람 ', ' 슬기로운 의사생활2 ', ' 사랑의 불시착 ', ' 자백 ', ' 알함브라 궁전의 추억 ', ' 미스트리스 ']",6
118,유재명,"[' 홈타운 ', ' 빈센조 ', ' 이태원 클라쓰 ', ' 자백 ', ' 탁구공 ', ' 라이프 ']",6
119,이준,"[' 불가살 ', ' 옷소매 붉은 끝동 ', ' 너의 밤이 되어줄게 ', ' 해피니스 ', ' 이미테이션 ', ' 다크홀 ', ' 제발 그 남자 만나지 마요 ', ' 비밀의 숲 2 ']",8
120,정려원,"[' 검사내전 ', ' 기름진 멜로 ', ' 마녀의 법정 ']",3
121,최진혁,"[' KBS 드라마 스페셜 2021 ', ' 좀비탐정 ', ' 루갈 ', ' 저스티스 ', ' 황후의 품격 ', ' 마성의 기쁨 ', ' 터널 ']",7
122,임화영,[' 드라마 스페셜-당신은 생각보다 가까이에 있다 '],1
123,양희경,[],0
124,이승기,"[' 마우스 ', ' 배가본드 ']",2
125,지성,"[' 너의 밤이 되어줄게 ', ' 악마판사 ', ' 의사요한 ', ' 아는 와이프 ']",4
126,박주현,"[' 마우스 ', ' 좀비탐정 ']",2
127,김병철,"[' 쌉니다 천리마마트 ', ' 닥터 프리즈너 ', ' SKY 캐슬 ', ' 터널 ']",4
128,김소은,"[' 연애는 귀찮지만 외로운 건 싫어! ', ' 그남자 오수 ', ' 드라마 스페셜-당신은 생각보다 가까이에 있다 ']",3
129,이지현,[' 안녕 드라큘라 '],1
130,장기용,"[' 지금, 헤어지는 중입니다 ', ' 간 떨어지는 동거 ', ' 본 어게인 ', ' 검색어를 입력하세요 WWW ', ' 킬잇 ', ' 이리와 안아줘 ', ' 그녀는 거짓말을 너무 사랑해 ']",7
131,이민기,"[' 오! 주인님 ', ' 모두의 거짓말 ', ' 뷰티 인사이드 ', ' 이번 생은 처음이라 ']",4
132,태인호,"[' 시지프스 : the myth ', ' 영혼수선공 ', ' 국민 여러분! ']",3
133,채수빈,"[' 반의반 ', ' 여우각시별 ', ' 2017 KBS 드라마스페셜 ', ' 최강배달꾼 ', ' 역적 : 백성을 훔친 도적 ']",5
134,송강,"[' 기상청 사람들 : 사내연애 잔혹사 편 ', ' 알고있지만, ', ' 나빌레라 ', ' 악마가 너의 이름을 부를 때 ', ' 그녀는 거짓말을 너무 사랑해 ']",5
135,김설현,[' 낮과 밤 '],1
136,박보검,"[' 청춘기록 ', ' 남자친구 ']",2
137,지수,"[' 설강화 : snowdrop ', ' 하트가 빛나는 순간 ', ' 하이클래스 ', ' 두 번째 남편 ', ' 달이 뜨는 강 ', ' 내가 가장 예뻤을 때 ', ' 365 : 운명을 거스르는 1년 ', ' 우아한 모녀 ', ' 여우각시별 ', ' 탁구공 ']",10
138,고보결,"[' 하이바이, 마마! ']",1
139,고준,"[' 바람피면 죽는다 ', ' 오 마이 베이비 ', ' 빙의 ', ' 2018 KBS 드라마 스페셜 ', ' 언터처블 ']",5
140,남지현,"[' 마녀식당으로 오세요 ', ' 경로를 이탈하였습니다 ', ' 365 : 운명을 거스르는 1년 ', ' 백일의 낭군님 ', ' 수상한 파트너 ']",5
141,황민현,[' 라이브온 '],1
142,윤현민,"[' 복수해라 ', ' 그놈이 그놈이다 ', ' 계룡선녀전 ', ' 마녀의 법정 ', ' 터널 ']",5
143,류혜영,"[' 로스쿨 ', ' 은주의 방 ']",2
144,신세경,"[' 런 온 ', ' 신입사관 구해령 ', ' 흑기사 ', ' 하백의 신부 ']",4
145,김옥빈,"[' 다크홀 ', ' 아스달 연대기 ', ' 작은 신의 아이들 ']",3
146,이성경,"[' 낭만닥터 김사부 2 ', ' 멈추고 싶은 순간 : 어바웃 타임 ']",2
147,조승우,"[' 시지프스 : the myth ', ' 비밀의 숲 2 ', ' 라이프 ', ' 비밀의 숲 ']",4
148,전여빈,"[' 빈센조 ', ' 멜로가 체질 ']",2
149,김세정,"[' 사내맞선 ', ' 경이로운 소문 ', ' 너의 노래를 들려줘 ', ' 학교2017 ']",4
150,박은빈,"[' 연모 ', ' 브람스를 좋아하세요? ', ' 스토브리그 ', ' 오늘의 탐정 ', ' 이판사판 ', ' 청춘시대2 ', ' 아버님 제가 모실게요 ']",7
151,주지훈,"[' 지리산 ', ' 하이에나 ', ' 아이템 ']",3
152,강말금,[' 대박부동산 '],1
153,김민재,"[' 달리와 감자탕 ', ' 브람스를 좋아하세요? ', ' 방법 ', ' 조선혼담공작소 꽃파당 ', ' 위대한 유혹자 ', ' 추리의 여왕 ']",6
154,윤종훈,"[' 펜트하우스3 ', ' 펜트하우스2 ', ' 펜트하우스 ', ' 내 사랑 치유기 ']",4
155,조여정,"[' 하이클래스 ', ' 바람피면 죽는다 ', ' 99억의 여자 ', ' 아름다운 세상 ', ' 완벽한 아내 ']",5
156,고민시,"[' 지리산 ', ' 오월의 청춘 ', ' KBS 드라마 스페셜 2020 ', ' 시크릿 부티크 ']",4
157,김혜윤,"[' 설강화 : snowdrop ', ' 어사와 조이 ', ' 어쩌다 발견한 하루 ']",3
158,유인영,"[' 크레이지 러브 ', ' 굿캐스팅 ', ' 손 꼭 잡고, 지는 석양을 바라보자 ']",3
159,김지석,"[' 월간 집 ', ' 어쩌다 가족 ', ' 아는 건 별로 없지만 가족입니다 ', ' 동백꽃 필 무렵 ', ' 톱스타 유백이 ', ' 20세기 소년소녀 ']",6
160,탕준상,[' 라켓소년단 '],1
161,이지훈,"[' 스폰서 ', ' 달이 뜨는 강 ', ' 저녁 같이 드실래요 ', ' 99억의 여자 ', ' 신입사관 구해령 ', ' 당신의 하우스헬퍼 ']",6
162,김하늘,"[' 킬힐 ', ' 18 어게인 ', ' 바람이 분다 ']",3
163,육성재,[' 쌍갑포차 '],1
164,장혁,"[' 모범택시 ', ' 본 대로 말하라 ', ' 나의 나라 ', ' 배드파파 ', ' 기름진 멜로 ', ' 돈꽃 ']",6
165,박형식,"[' 해피니스 ', ' 슈츠 ']",2
166,장영남,"[' 뫼비우스: 검은태양 ', ' KBS 드라마 스페셜 2021 ', ' 검은 태양 ', ' 악마판사 ']",4
167,손현주,"[' 트레이서 ', ' 모범형사 ', ' 저스티스 ', ' 크리미널마인드 ']",4
168,최수영,"[' 런 온 ', ' 본 대로 말하라 ', ' 밥상차리는 남자 ']",3
169,이청아,"[' 낮과 밤 ', ' 안녕 드라큘라 ', ' VIP ', ' 단짠 오피스 ']",4
170,이준혁,"[' 해피니스 ', ' 다크홀 ', ' 비밀의 숲 2 ', ' 쌍갑포차 ', ' 365 : 운명을 거스르는 1년 ', ' 모두의 거짓말 ', ' 60일, 지정생존자 ', ' 시를 잊은 그대에게 ']",8
171,공효진,[' 동백꽃 필 무렵 '],1
172,이영애,"[' 구경이 ', ' 사임당,빛의 일기 ']",2
173,신혜선,"[' 철인왕후 ', ' 단, 하나의 사랑 ', ' 사의 찬미 ', ' 서른이지만 열일곱입니다 ', ' 황금빛 내인생 ']",5
174,변우석,"[' 꽃 피면 달 생각하고 ', ' 청춘기록 ', ' 조선혼담공작소 꽃파당 ', ' 모두의 연애 ']",4
175,김효진,"[' 인간실격 ', ' 사생활 ']",2
176,한선화,"[' 술꾼도시여자들 ', ' 편의점 샛별이 ', ' 데릴남편 오작두 ']",3
177,경수진,"[' 마우스 ', ' 트레인 ', ' 조선생존기 ', ' 멜로홀릭 ']",4
178,한소희,"[' 알고있지만, ', ' 부부의 세계 ', ' 어비스 ']",3
179,이보영,"[' 마인 ', ' 화양연화 - 삶이 꽃이 되는 순간 ', ' 마더 ', ' 귓속말 ']",4
180,이이경,"[' 암행어사: 조선비밀수사단 ', ' 드라마 스테이지 2020 ', ' 으라차차 와이키키 시즌2 ', ' 붉은 달 푸른 해 ']",4
181,정문성,"[' 뫼비우스: 검은태양 ', ' 슬기로운 의사생활2 ', ' 방법 ']",3
182,배두나,"[' 비밀의 숲 2 ', ' 최고의 이혼 ', ' 비밀의 숲 ']",3
183,유지태,"[' 화양연화 - 삶이 꽃이 되는 순간 ', ' 이몽 ', ' 매드독 ']",3
184,서예지,"[' 사이코지만 괜찮아 ', ' 무법 변호사 ', ' 구해줘 ']",3
185,박건일,[' 연애는 귀찮지만 외로운 건 싫어! '],1
186,박지훈,"[' 멀리서 보면 푸른 봄 ', ' 조선혼담공작소 꽃파당 ']",2
187,옥택연,"[' 어사와 조이 ', ' 빈센조 ', ' 더 게임:0시를 향하여 ', ' 구해줘 ']",4
188,유승호,"[' 꽃 피면 달 생각하고 ', ' 메모리스트 ', ' 복수가 돌아왔다 ', ' 로봇이 아니야 ', ' 군주-가면의 주인 ']",5
189,우도환,"[' 더 킹 : 영원의 군주 ', ' 나의 나라 ', ' 위대한 유혹자 ']",3
190,남궁민,"[' 검은 태양 ', ' 낮과 밤 ', ' 스토브리그 ', ' 닥터 프리즈너 ', ' 훈남정음 ', ' 조작 ']",6
191,조동혁,"[' 루갈 ', ' 평일 오후 세시의 연인 ']",2
192,이솜,"[' 모범택시 ', ' 구해줘 2 ', ' 제3의 매력 ', ' 이번 생은 처음이라 ']",4
193,서지훈,"[' 그놈이 그놈이다 ', ' 어서와 ', ' 조선혼담공작소 꽃파당 ', ' 애간장 ']",4
194,이학주,"[' 공작도시 ', ' 사생활 ', ' 야식남녀 ']",3
195,고현정,"[' 너를 닮은 사람 ', ' 동네변호사 조들호2 : 죄와 벌 ']",2
196,배종옥,"[' 철인왕후 ', ' 우아한 가 ', ' 60일, 지정생존자 ', ' 라이브(Live) ', ' 이름 없는 여자 ']",5
197,김상경,"[' 라켓소년단 ', ' 청일전자 미쓰리 ']",2
198,김소연,"[' 펜트하우스3 ', ' 펜트하우스2 ', ' 펜트하우스 ', ' 세상에서 제일 예쁜 내 딸 ', ' 시크릿 마더 ']",5
199,정인선,"[' 너의 밤이 되어줄게 ', ' 싸이코패스 다이어리 ', ' 내 뒤에 테리우스 ']",3
200,송혜교,"[' 지금, 헤어지는 중입니다 ', ' 남자친구 ']",2
201,송지효,"[' 마녀식당으로 오세요 ', ' 우리, 사랑했을까 ', ' 러블리 호러블리 ', ' 드라마 스테이지 ']",4
202,김범,"[' 고스트 닥터 ', ' 로스쿨 ', ' 구미호뎐 ']",3
203,김민규,"[' 사내맞선 ', ' IDOL (아이돌 : The Coup) ', ' 간택 - 여인들의 전쟁 ', ' 퍼퓸 ']",4
204,신성록,"[' 카이로스 ', ' 배가본드 ', ' 퍼퓸 ', ' 황후의 품격 ', ' 리턴 ']",5
205,이레,"[' 홈타운 ', ' 안녕? 나야! ']",2
206,엄지원,"[' 산후조리원 ', ' 방법 ', ' 봄이 오나 봄 ', ' 조작 ']",4
207,박병은,"[' 인간실격 ', ' 오 마이 베이비 ', ' 친애하는 판사님께 ', ' 이번 생은 처음이라 ', ' 추리의 여왕 ']",5
208,정해인,"[' 설강화 : snowdrop ', ' 반의반 ', ' 봄밤 ', ' 밥 잘 사주는 예쁜 누나 ', ' 당신이 잠든 사이에 ']",5
209,윤보미,[' 제발 그 남자 만나지 마요 '],1
210,박규영,"[' 달리와 감자탕 ', ' 악마판사 ', ' 사이코지만 괜찮아 ']",3
211,김정영,"[' KBS 드라마 스페셜 2021 ', ' 십시일반 ']",2
212,김주헌,"[' 지금, 헤어지는 중입니다 ', ' 도도솔솔라라솔 ', ' 사이코지만 괜찮아 ']",3
213,황인엽,[' 여신강림 '],1
214,박성웅,"[' 루갈 ', ' 악마가 너의 이름을 부를 때 ', ' 하늘에서 내리는 일억개의 별 ', ' 라이프 온 마스 ', ' 맨투맨 ']",5
215,정용화,"[' 대박부동산 ', ' 더 패키지 ']",2
216,최무성,"[' 비밀의 숲 2 ', ' 슬기로운 감빵생활 ']",2
217,유준상,"[' 경이로운 소문 ', ' 우아한 친구들 ', ' 왜그래 풍상씨 ', ' 조작 ']",4
218,지현우,"[' 신사와 아가씨 ', ' 연애는 귀찮지만 외로운 건 싫어! ', ' 슬플 때 사랑한다 ', ' 사생결단 로맨스 ', ' 도둑놈 도둑님 ']",5
219,조성하,"[' 나빌레라 ', ' 날아라 개천용 ', ' 메모리스트 ', ' 백일의 낭군님 ']",4
220,정재영,"[' 미치지 않고서야 ', ' 검법남녀 시즌2 ', ' 검법남녀 ', ' 듀얼 ']",4
221,신현빈,"[' 너를 닮은 사람 ', ' 슬기로운 의사생활2 ', ' 자백 ', ' 미스트리스 ']",4
222,강훈,"[' 옷소매 붉은 끝동 ', ' 너는 나의 봄 ', ' 라켓소년단 ', ' 어서와 ']",4
223,박민영,"[' 기상청 사람들 : 사내연애 잔혹사 편 ', ' 날씨가 좋으면 찾아가겠어요 ', ' 그녀의 사생활 ', ' 김비서가 왜 그럴까 ', ' 7일의 왕비 ']",5
224,김명수,"[' 태종 이방원 ', ' 암행어사: 조선비밀수사단 ', ' 어서와 ', ' 우아한 모녀 ', ' 단, 하나의 사랑 ', ' 미스 함무라비 ']",6
225,정소민,"[' 월간 집 ', ' 영혼수선공 ', ' 하늘에서 내리는 일억개의 별 ', ' 이번 생은 처음이라 ']",4
226,이하늬,"[' 원 더 우먼 ', ' 열혈사제 ']",2
227,엄태구,"[' 홈타운 ', ' 구해줘 2 ']",2
228,차은우,"[' 여신강림 ', ' 신입사관 구해령 ', ' 내 아이디는 강남미인 ']",3
229,김다미,"[' 그 해 우리는 ', ' 이태원 클라쓰 ']",2
230,김태희,"[' 하이바이, 마마! ']",1
231,조정석,"[' 슬기로운 의사생활2 ', ' 슬기로운 의사생활 ', ' 녹두꽃 ', ' 투깝스 ']",4
232,문소리,"[' 미치지 않고서야 ', ' 시네마틱 드라마 SF8 ', ' 라이프 ']",3
233,이현욱,"[' 마인 ', ' 선배, 그 립스틱 바르지 마요 ', ' 써치 ', ' 타인은 지옥이다 ']",4
234,이하나,"[' 보이스 4 ', ' 반의반 ', ' 보이스 시즌3 ', ' 보이스 시즌2 ']",4
235,안효섭,"[' 사내맞선 ', ' 홍천기 ', ' 낭만닥터 김사부 2 ', ' 어비스 ', ' 서른이지만 열일곱입니다 ']",5
236,서지혜,"[' 저녁 같이 드실래요 ', ' 사랑의 불시착 ', ' 흉부외과:심장을 훔친 의사들 ']",3
237,이선빈,"[' 술꾼도시여자들 ', ' 번외수사 ', ' 위대한 쇼 ', ' 스케치 ', ' 크리미널마인드 ']",5
238,강성연,"[' 미쓰리는 알고 있다 ', ' 돌아온 복단지 ']",2
239,한석규,"[' 낭만닥터 김사부 2 ', ' WATCHER (왓쳐) ']",2
240,정웅인,"[' 날아라 개천용 ', ' 보좌관2 - 세상을 움직이는 사람들 ', ' 미스 마:복수의 여신 ', ' 스위치 - 세상을 바꿔라 ']",4
241,곽시양,"[' IDOL (아이돌 : The Coup) ', ' 홍천기 ', ' 앨리스 ', ' 웰컴2라이프 ', ' 시카고 타자기 ']",5
242,고아라,"[' 도도솔솔라라솔 ', ' 해치 ', ' 미스 함무라비 ', ' 블랙 ']",4
243,김소혜,"[' 학교기담 ', ' 계약우정 ', ' 최고의 치킨 ']",3
244,이준호,"[' 옷소매 붉은 끝동 ', ' 그냥 사랑하는 사이 ']",2
245,임원희,"[' 꽃 피면 달 생각하고 ', ' 낭만닥터 김사부 2 ', ' 날 녹여주오 ']",3
246,김소현,"[' 달이 뜨는 강 ', ' 조선로코 녹두전 ', ' 라디오 로맨스 ', ' 군주-가면의 주인 ']",4
247,정다빈,[' 라이브온 '],1
248,류준열,[' 인간실격 '],1
249,김미숙,"[' 공작도시 ', ' 사랑은 뷰티풀 인생은 원더풀 ']",2
250,유연석,"[' 슬기로운 의사생활2 ', ' 슬기로운 의사생활 ', ' 미스터 션샤인 ']",3
251,김정현,"[' 철인왕후 ', ' 사랑의 불시착 ', ' 수상한 장모 ', ' 시간 ', ' 으라차차 와이키키 ', ' 학교2017 ']",6
252,김영광,"[' 안녕? 나야! ', ' 초면에 사랑합니다 ', ' 나인룸 ', ' 파수꾼 ']",4
253,송하윤,"[' 제발 그 남자 만나지 마요 ', ' 마성의 기쁨 ', ' 쌈, 마이웨이 ']",3
254,장혜진,"[' 여신강림 ', ' 산후조리원 ', ' 루왁인간 ']",3
255,한효주,[' 해피니스 '],1
256,이상엽,"[' 미치지 않고서야 ', ' 굿캐스팅 ', ' 한 번 다녀왔습니다 ', ' 평일 오후 세시의 연인 ']",4
257,수애,[' 공작도시 '],1
258,이세영,"[' 옷소매 붉은 끝동 ', ' 카이로스 ', ' 메모리스트 ', ' 의사요한 ', ' 왕이 된 남자 ', ' 화유기 ', ' 최고의 한방 ']",7
259,임수향,"[' 내가 가장 예뻤을 때 ', ' 우아한 가 ', ' 내 아이디는 강남미인 ', ' 무궁화꽃이 피었습니다 ']",4
260,김혜은,"[' 스물다섯 스물하나 ', ' 더 로드 : 1의 비극 ', ' 우아한 친구들 ']",3
261,박신아,[' 미쓰리는 알고 있다 '],1
262,강민아,[' 멀리서 보면 푸른 봄 '],1
263,윤박,"[' 기상청 사람들 : 사내연애 잔혹사 편 ', ' 너는 나의 봄 ', ' 산후조리원 ', ' 써치 ', ' 사랑은 뷰티풀 인생은 원더풀 ', ' 리갈하이 ', ' 라디오 로맨스 ']",7
264,지진희,"[' 더 로드 : 1의 비극 ', ' 언더커버 ', ' 60일, 지정생존자 ', ' 미스티 ']",4
265,이희준,"[' 키마이라 ', ' 마우스 ', ' 미스트리스 ']",3
266,서강준,"[' 날씨가 좋으면 찾아가겠어요 ', ' WATCHER (왓쳐) ', ' 제3의 매력 ', ' 너도 인간이니? ']",4
267,박인환,"[' 인간실격 ', ' 나빌레라 ', ' 기막힌 유산 ']",3
268,차태현,"[' 경찰수업 ', ' 번외수사 ', ' 최고의 이혼 ']",3
269,강민혁,"[' 오! 주인님 ', ' 병원선 ']",2
270,강지영,[' 야식남녀 '],1
271,김수현,"[' 사이코지만 괜찮아 ', ' 땐뽀걸즈 ']",2
272,정우성,[],0
273,김해숙,"[' 구경이 ', ' 슬기로운 의사생활2 ', ' 스타트업 ', ' 슬기로운 의사생활 ', ' 세상에서 제일 예쁜 내 딸 ', ' 나인룸 ', ' 아버지가 이상해 ']",7
274,윤시윤,"[' 트레인 ', ' 싸이코패스 다이어리 ', ' 녹두꽃 ', ' 친애하는 판사님께 ', ' 대군-사랑을 그리다 ', ' 최고의 한방 ']",6
275,권나라,"[' 불가살 ', ' 암행어사: 조선비밀수사단 ', ' 이태원 클라쓰 ', ' 닥터 프리즈너 ']",4
276,나나,"[' 오! 주인님 ', ' 출사표 ', ' 저스티스 ', ' 킬잇 ']",4
277,김고은,"[' 유미의 세포들 ', ' 더 킹 : 영원의 군주 ']",2
278,박하선,"[' 뫼비우스: 검은태양 ', ' 검은 태양 ', ' 드라마 스테이지 2021 ', ' 산후조리원 ', ' 평일 오후 세시의 연인 ']",5
279,유진,"[' 설강화 : snowdrop ', ' 하트가 빛나는 순간 ', ' 펜트하우스3 ', ' 펜트하우스2 ', ' 펜트하우스 ', ' 브람스를 좋아하세요? ']",6
280,문정희,"[' 타임즈 ', ' 써치 ', ' 날씨가 좋으면 찾아가겠어요 ', ' 배가본드 ']",4
281,김선호,"[' 갯마을 차차차 ', ' 스타트업 ', ' 유령을 잡아라 ', ' 으라차차 와이키키 시즌2 ', ' 미치겠다, 너땜에! ']",5
282,장승조,"[' 설강화 : snowdrop ', ' 모범형사 ', ' 초콜릿 ', ' 아는 와이프 ']",4
283,김응수,"[' 날아라 개천용 ', ' 꼰대인턴 ', ' 청일전자 미쓰리 ', ' 차달래 부인의 사랑 ']",4
284,윤아,"[' 쇼윈도:여왕의 집 ', ' 허쉬 ', ' 우아한 친구들 ', ' 한 번 다녀왔습니다 ', ' 신과의 약속 ', ' 훈남정음 ']",6
285,최우식,"[' 그 해 우리는 ', ' 더 패키지 ']",2
286,이선균,"[' 검사내전 ', ' 나의 아저씨 ', ' 다시 만나는 하얀거탑UHD ']",3
287,장나라,"[' 대박부동산 ', ' 오 마이 베이비 ', ' VIP ', ' 황후의 품격 ', ' 고백부부 ']",5
288,전도연,[' 인간실격 '],1
289,손예진,"[' 서른, 아홉 ', ' 사랑의 불시착 ', ' 밥 잘 사주는 예쁜 누나 ']",3
290,조이현,[' 학교 2021 '],1
291,박소담,[' 청춘기록 '],1
292,남윤수,[' 연모 '],1
293,임주환,"[' 나를 사랑한 스파이 ', ' 더 게임:0시를 향하여 ', ' 위대한 쇼 ', ' 이몽 ']",4
294,공민정,"[' 갯마을 차차차 ', ' 제발 그 남자 만나지 마요 ']",2
295,박신혜,"[' 시지프스 : the myth ', ' 알함브라 궁전의 추억 ']",2
296,정수정,"[' 크레이지 러브 ', ' 경찰수업 ', ' 써치 ', ' 플레이어 ']",4
297,이제훈,"[' 모범택시 ', ' 여우각시별 ']",2
298,이준기,"[' 악의 꽃 ', ' 무법 변호사 ', ' 크리미널마인드 ']",3
299,이동욱,"[' 배드 앤 크레이지 ', ' 구미호뎐 ', ' 타인은 지옥이다 ', ' 진심이 닿다 ', ' 라이프 ']",5
300,배성우,"[' 날아라 개천용 ', ' 라이브(Live) ']",2
301,이상이,"[' 갯마을 차차차 ', ' 오월의 청춘 ']",2
302,류수영,"[' 목표가 생겼다 ', ' 슬플 때 사랑한다 ', ' 착한마녀전 ', ' 동네변호사 조들호 ']",4
303,서인국,"[' 어느 날 우리 집 현관으로 멸망이 들어왔다 ', ' 하늘에서 내리는 일억개의 별 ']",2
304,오나라,"[' 라켓소년단 ', ' 십시일반 ', ' 99억의 여자 ']",3
305,김지수,"[' 하이클래스 ', ' 365 : 운명을 거스르는 1년 ', ' 여우각시별 ']",3
306,정은채,"[' 더 킹 : 영원의 군주 ', ' 손 the guest ']",2
